<schemalist gettext-domain="gnome-shell-extensions">

  <schema id="org.gnome.shell.extensions.googleearthwallpaper"
      path="/org/gnome/shell/extensions/googleearthwallpaper/">

    <key name="hide" type="b">
      <default>false</default>
        <summary>Hide indicator</summary>
        <description>Hide indicator icon from status area</description>
    </key>

    <key name="notify" type="b">
      <default>true</default>
        <summary>Send a notifications</summary>
        <description>Send a notification with explanation when the picture of the day is downloaded</description>
    </key>

    <key name="transient" type="b">
      <default>true</default>
        <summary>Use transient notifications (auto dismiss)</summary>
        <description></description>
    </key>

    <key name="set-background" type="b">
      <default>true</default>
        <summary>Set desktop background</summary>
        <description>Set desktop background</description>
    </key>

    <key name="set-lock-screen" type="b">
      <default>true</default>
        <summary>Set lock screen background</summary>
        <description>Set lock screen background</description>
    </key>

    <key name="download-folder" type="s">
      <default>""</default>
      <summary>Where to download pictures.</summary>
      <description></description>
    </key>

    <key name="debug-logging" type="b">
      <default>true</default>
        <summary>Log messages to systemd journal</summary>
        <description>Unlikely to be useful for ordinary users, but helpful for debugging</description>
    </key>
    
    <key name="delete-previous" type="b">
      <default>true</default>
        <summary>Delete previous wallpapers</summary>
        <description>Save disk space</description>
    </key>

    <key name="refresh-interval" type="i">
      <default>86400</default>
      <summary>Number of seconds to between refreshes</summary>
      <description></description>
    </key>

  </schema>
</schemalist>
