<schemalist gettext-domain="gnome-shell-extensions">

  <schema id="org.gnome.shell.extensions.bingwallpaper"
      path="/org/gnome/shell/extensions/bingwallpaper/">

    <key name="hide" type="b">
      <default>false</default>
        <summary>Hide indicator</summary>
        <description>Hide indicator icon from status area</description>
    </key>

    <key name="notify" type="b">
      <default>true</default>
        <summary>Send a notifications</summary>
        <description>Send a notification with explanation when the picture of the day is downloaded</description>
    </key>

    <key name="transient" type="b">
      <default>true</default>
        <summary>Use transient notifications (auto dismiss)</summary>
        <description></description>
    </key>

    <key name="set-background" type="b">
      <default>true</default>
        <summary>Set background</summary>
        <description>Set background to Bing's background</description>
    </key>

    <key name="set-lock-screen" type="b">
      <default>true</default>
        <summary>Set lock screen</summary>
        <description>Set lock screen to Bing's background</description>
    </key>

    <key name="download-folder" type="s">
      <default>"Pictures/BingWallpaper"</default>
      <summary>Where to download pictures.</summary>
      <description></description>
    </key>

    <key name="market" type="s">
      <default>"en-US"</default>
      <summary>Default Market for Bing</summary>
      <description></description>
    </key>

    <key name="resolution" type="s">
      <default>"auto"</default>
      <summary>Screen Size</summary>
      <description>Valid sizes are '800x600' , '1024x768', '1280x720', '1280x768', '1366x768', '1920x1080', and '1920x1200' </description>
    </key>

    <key name="debug-logging" type="b">
      <default>false</default>
        <summary>Log messages to systemd journal</summary>
        <description>Unlikely to be useful for ordinary users, but helpful for debugging</description>
    </key>
    
    <key name="delete-previous" type="b">
      <default>false</default>
        <summary>Delete previous wallpapers</summary>
        <description>Save disk space</description>
    </key>

    <key name="previous" type="s">
      <default>""</default>
      <summary>Previous wallpapers</summary>
      <description>Used to delete wallpapers after a set number of days</description>
    </key>

    <key name="previous-days" type="i">
      <default>7</default>
      <summary>Number of days to keep wallpapers</summary>
      <description>Delete wallpapers after this number of days</description>
    </key>

  </schema>
</schemalist>
